x	y	roadname	direction	meter	mark
176845.998	307289.286	A2	L	0.000	BEGIN
177014.083	307607.088	A2	L	0.360	NA
177803.113	308326.820	A2	L	1.440	NA
178531.643	308814.402	A2	L	2.320	AFRIT
178630.988	308913.045	A2	L	2.460	LOOP
179044.443	309602.538	A2	L	3.270	NA
179146.037	310518.678	A2	L	4.200	NA
178933.038	311412.438	A2	L	5.120	LOOP
178910.936	311509.965	A2	L	5.220	OPRIT
178895.465	311578.234	A2	L	5.290	LOOP
178669.196	313621.426	A2	L	7.350	AFRIT
178653.714	313689.685	A2	L	7.420	LOOP
178584.132	313960.900	A2	L	7.700	LOOP
178522.663	314203.226	A2	L	7.950	OPRIT
178336.404	315965.272	A2	L	9.730	NA
178337.800	316055.261	A2	L	9.820	LOOP
178337.953	316065.260	A2	L	9.830	OPRIT
178304.793	316763.750	A2	L	10.530	AFRIT
178275.306	316971.599	A2	L	10.740	OPRIT
178210.591	317170.591	A2	L	10.950	AFRIT
178137.232	317265.556	A2	L	11.070	NA
178125.005	317281.384	A2	L	11.090	NA
177824.901	318561.398	A2	L	12.480	LOOP
178119.994	319044.738	A2	L	13.050	LOOP
178868.661	319816.830	A2	L	14.130	LOOP
179393.367	320708.931	A2	L	15.190	NA
180008.709	322332.549	A2	L	16.940	LOOP
180091.474	322432.799	A2	L	17.070	LOOP
180116.940	322463.645	A2	L	17.110	OPRIT
182004.026	325492.004	A2	L	20.710	NA
182332.051	326330.088	A2	L	21.610	LOOP
182339.155	326348.783	A2	L	21.630	LOOP
182349.812	326376.827	A2	L	21.660	AFRIT
182390.111	326479.157	A2	L	21.770	LOOP
182394.062	326488.344	A2	L	21.780	LOOP
182465.049	326631.576	A2	L	21.940	OPRIT
182512.375	326719.668	A2	L	22.040	NA
182939.041	327477.363	A2	L	22.910	LOOP
182943.175	327486.469	A2	L	22.920	LOOP
183141.359	328051.613	A2	L	23.520	NA
183198.764	328386.480	A2	L	23.860	LOOP
183218.882	328645.556	A2	L	24.120	NA
183207.253	328964.984	A2	L	24.440	AFRIT
183198.237	329014.165	A2	L	24.490	LOOP
183167.581	329181.378	A2	L	24.660	NA
183165.686	329191.193	A2	L	24.670	NA
183098.152	329452.566	A2	L	24.940	LOOP
183096.352	329462.403	A2	L	24.950	LOOP
183052.528	329879.368	A2	L	25.370	NA
183052.491	329889.368	A2	L	25.380	OPRIT
183056.321	330079.209	A2	L	25.570	LOOP
183059.232	330119.103	A2	L	25.610	LOOP
183079.611	330398.361	A2	L	25.890	LOOP
183081.067	330418.308	A2	L	25.910	LOOP
183089.801	330537.989	A2	L	26.030	NA
183119.071	330936.917	A2	L	26.430	NA
183120.604	330956.858	A2	L	26.450	LOOP
183128.811	331066.551	A2	L	26.560	NA
183140.971	331446.147	A2	L	26.940	NA
183133.021	331505.566	A2	L	27.000	NA
183109.781	331663.865	A2	L	27.160	NA
183013.290	331968.405	A2	L	27.480	NA
183009.728	331977.749	A2	L	27.490	LOOP
182822.547	332472.294	A2	L	28.020	NA
182783.402	332848.199	A2	L	28.400	NA
182809.674	333106.372	A2	L	28.660	AFRIT
182818.964	333155.501	A2	L	28.710	NA
182839.898	333242.934	A2	L	28.800	NA
182842.657	333252.546	A2	L	28.810	NA
182957.971	333635.557	A2	L	29.210	LOOP
182993.265	333750.249	A2	L	29.330	LOOP
183016.794	333826.711	A2	L	29.410	OPRIT
183091.621	334075.709	A2	L	29.670	LOOP
183170.017	334334.077	A2	L	29.940	LOOP
183268.236	334659.577	A2	L	30.280	LOOP
183271.446	334669.044	A2	L	30.290	LOOP
183424.637	335048.916	A2	L	30.700	LOOP
183428.831	335057.994	A2	L	30.710	LOOP
183575.221	335296.307	A2	L	30.990	LOOP
183581.080	335304.411	A2	L	31.000	LOOP
183816.008	335628.151	A2	L	31.400	LOOP
183821.920	335636.216	A2	L	31.410	LOOP
184105.723	336023.329	A2	L	31.890	LOOP
184111.635	336031.393	A2	L	31.900	LOOP
184406.342	336435.301	A2	L	32.400	NA
184635.216	336751.079	A2	L	32.790	NA
184646.972	336767.259	A2	L	32.810	NA
184876.215	337082.770	A2	L	33.200	NA
185111.213	337406.461	A2	L	33.600	NA
185117.081	337414.559	A2	L	33.610	NA
185421.317	337848.177	A2	L	34.140	LOOP
185431.669	337865.290	A2	L	34.160	LOOP
185613.345	338296.893	A2	L	34.630	NA
185634.002	338374.180	A2	L	34.710	LOOP
185691.222	338668.404	A2	L	35.010	AFRIT
185693.555	338688.267	A2	L	35.030	NA
185727.377	338976.288	A2	L	35.320	LOOP
185730.791	339006.093	A2	L	35.350	NA
185766.483	339314.032	A2	L	35.660	OPRIT
185768.786	339333.899	A2	L	35.680	LOOP
185772.244	339363.699	A2	L	35.710	LOOP
185806.817	339671.765	A2	L	36.020	LOOP
185819.046	339781.083	A2	L	36.130	LOOP
185851.133	340179.599	A2	L	36.530	LOOP
185851.293	340189.597	A2	L	36.540	NA
185851.590	340349.565	A2	L	36.700	LOOP
185832.982	340608.855	A2	L	36.960	LOOP
185796.271	340856.145	A2	L	37.210	LOOP
185794.803	340866.036	A2	L	37.220	LOOP
185729.378	341301.144	A2	L	37.660	NA
185699.259	341498.863	A2	L	37.860	NA
185634.961	341934.139	A2	L	38.300	LOOP
185613.531	342092.596	A2	L	38.460	NA
185609.660	342382.187	A2	L	38.750	NA
185645.359	342679.742	A2	L	39.050	LOOP
185658.235	342748.543	A2	L	39.120	AFRIT
185689.706	342905.393	A2	L	39.280	NA
185734.594	343079.706	A2	L	39.460	OPRIT
185742.075	343108.758	A2	L	39.490	NA
185753.579	343147.047	A2	L	39.530	NA
185756.703	343156.546	A2	L	39.540	LOOP
185899.237	343551.410	A2	L	39.960	LOOP
185939.629	343642.890	A2	L	40.060	NA
185975.982	343725.221	A2	L	40.150	LOOP
185980.021	343734.369	A2	L	40.160	LOOP
186226.972	344203.215	A2	L	40.690	LOOP
186231.744	344212.003	A2	L	40.700	LOOP
186341.647	344414.046	A2	L	40.930	NA
186403.601	344528.333	A2	L	41.060	NA
186602.544	344898.227	A2	L	41.480	LOOP
186616.859	344924.591	A2	L	41.510	LOOP
186864.997	345381.564	A2	L	42.030	LOOP
186879.104	345408.041	A2	L	42.060	NA
187102.080	345787.076	A2	L	42.500	NA
187298.379	346026.350	A2	L	42.810	LOOP
187413.328	346137.645	A2	L	42.970	LOOP
187532.736	346244.098	A2	L	43.130	AFRIT
187540.261	346250.683	A2	L	43.140	NA
187600.466	346303.365	A2	L	43.220	NA
187638.201	346336.168	A2	L	43.270	NA
187857.347	346526.095	A2	L	43.560	NA
187879.841	346545.944	A2	L	43.590	LOOP
188114.253	346763.692	A2	L	43.910	LOOP
188121.404	346770.683	A2	L	43.920	NA
188293.707	346951.778	A2	L	44.170	NA
188441.407	347114.825	A2	L	44.390	LOOP
188709.286	347398.268	A2	L	44.780	LOOP
188723.887	347411.935	A2	L	44.800	LOOP
189006.683	347665.592	A2	L	45.180	LOOP
189037.189	347691.464	A2	L	45.220	LOOP
189293.233	347899.630	A2	L	45.550	LOOP
189403.236	347986.229	A2	L	45.690	LOOP
189505.126	348066.964	A2	L	45.820	LOOP
189653.447	348185.712	A2	L	46.010	LOOP
189739.386	348254.373	A2	L	46.120	LOOP
189848.665	348341.883	A2	L	46.260	LOOP
189887.694	348373.137	A2	L	46.310	LOOP
190061.382	348523.758	A2	L	46.540	LOOP
190189.552	348649.790	A2	L	46.720	LOOP
190338.238	348837.853	A2	L	46.960	LOOP
190423.814	348972.733	A2	L	47.120	LOOP
190565.740	349269.881	A2	L	47.450	AFRIT
190572.758	349288.610	A2	L	47.470	NA
190649.697	349536.652	A2	L	47.730	NA
190669.776	349644.689	A2	L	47.840	NA
190700.837	349872.456	A2	L	48.070	LOOP
190702.537	349892.384	A2	L	48.090	OPRIT
190713.980	350332.155	A2	L	48.530	LOOP
190717.580	350532.123	A2	L	48.730	LOOP
190724.366	350942.066	A2	L	49.140	LOOP
190724.523	350952.065	A2	L	49.150	LOOP
190729.741	351262.021	A2	L	49.460	OPRIT
190728.953	351322.007	A2	L	49.520	LOOP
190728.721	351332.004	A2	L	49.530	LOOP
190686.587	351667.813	A2	L	49.870	LOOP
190636.366	351819.110	A2	L	50.030	LOOP
190495.486	352071.384	A2	L	50.320	LOOP
190384.698	352212.930	A2	L	50.500	LOOP
190326.713	352281.761	A2	L	50.590	NA
189953.942	352726.095	A2	L	51.170	LOOP
189947.439	352733.691	A2	L	51.180	LOOP
189810.750	352879.057	A2	L	51.380	LOOP
189574.588	353062.659	A2	L	51.680	AFRIT
189531.660	353088.294	A2	L	51.730	NA
189110.221	353295.056	A2	L	52.200	LOOP
189101.038	353299.016	A2	L	52.210	LOOP
188770.278	353441.131	A2	L	52.570	LOOP
188751.869	353448.949	A2	L	52.590	LOOP
188346.877	353620.942	A2	L	53.030	NA
187980.418	353781.197	A2	L	53.430	NA
187699.353	353933.985	A2	L	53.750	LOOP
187690.798	353939.149	A2	L	53.760	NA
187410.165	354163.730	A2	L	54.120	AFRIT
187327.204	354250.434	A2	L	54.240	NA
187306.464	354272.109	A2	L	54.270	LOOP
187299.550	354279.335	A2	L	54.280	LOOP
187139.610	354508.796	A2	L	54.560	NA
187123.841	354534.304	A2	L	54.590	NA
186991.929	354825.412	A2	L	54.910	OPRIT
186977.700	354862.795	A2	L	54.950	NA
186839.368	355205.824	A2	L	55.320	LOOP
186818.402	355251.216	A2	L	55.370	NA
186520.092	355805.643	A2	L	56.000	NA
186279.435	356220.942	A2	L	56.480	LOOP
186274.290	356229.516	A2	L	56.490	LOOP
185592.347	357371.371	A2	L	57.820	NA
184585.879	359064.849	A2	L	59.790	LOOP
184580.720	359073.415	A2	L	59.800	LOOP
184071.763	359898.931	A2	L	60.770	LOOP
184025.598	359964.232	A2	L	60.850	LOOP
183628.991	360466.359	A2	L	61.490	AFRIT
183578.628	360528.517	A2	L	61.570	LOOP
183370.769	360784.820	A2	L	61.900	NA
183217.974	360982.645	A2	L	62.150	OPRIT
182886.287	361505.940	A2	L	62.770	NA
182307.519	362362.089	A2	L	63.810	NA
181500.972	362897.749	A2	L	64.780	NA
180028.901	363869.645	A2	L	66.550	NA
179484.794	364997.713	A2	L	67.810	AFRIT
179341.180	365294.722	A2	L	68.140	LOOP
179153.464	365564.963	A2	L	68.470	LOOP
179147.134	365572.705	A2	L	68.480	OPRIT
178610.332	365924.468	A2	L	69.130	LOOP
177712.872	366055.328	A2	L	70.040	LOOP
176629.941	365958.897	A2	L	71.130	LOOP
175847.129	365718.652	A2	L	71.950	LOOP
174298.568	365310.881	A2	L	73.600	NA
173991.226	365453.022	A2	L	73.940	OPRIT
173982.480	365457.871	A2	L	73.950	LOOP
173100.023	366398.429	A2	L	75.250	OPRIT
172856.079	366786.271	A2	L	75.710	LOOP
172165.128	367330.822	A2	L	76.590	AFRIT
172133.590	367355.426	A2	L	76.630	LOOP
171912.512	367527.248	A2	L	76.910	NA
171730.750	367668.178	A2	L	77.140	LOOP
171636.599	367742.579	A2	L	77.260	OPRIT
170929.856	368299.458	A2	L	78.160	LOOP
170418.270	369035.035	A2	L	79.060	AFRIT
170401.543	369059.928	A2	L	79.090	LOOP
170217.973	369322.039	A2	L	79.410	NA
170133.186	369445.776	A2	L	79.560	OPRIT
170116.250	369470.539	A2	L	79.590	LOOP
169424.493	370412.795	A2	L	80.760	LOOP
168552.615	371520.444	A2	L	82.170	LOOP
168545.893	371527.847	A2	L	82.180	NA
167719.346	372046.383	A2	L	83.160	LOOP
167335.558	372281.264	A2	L	83.610	LOOP
167327.066	372286.545	A2	L	83.620	NA
167310.083	372297.108	A2	L	83.640	AFRIT
167301.591	372302.389	A2	L	83.650	LOOP
167216.838	372355.464	A2	L	83.750	NA
167005.502	372488.996	A2	L	84.000	LOOP
166988.548	372499.605	A2	L	84.020	LOOP
166675.148	372696.276	A2	L	84.390	LOOP
166666.701	372701.629	A2	L	84.400	LOOP
166287.062	372943.233	A2	L	84.850	NA
166052.982	373114.021	A2	L	85.140	NA
166019.983	373151.585	A2	L	85.190	AFRIT
165864.634	373346.298	A2	L	85.440	NA
165778.395	373504.242	A2	L	85.620	NA
165691.304	373673.106	A2	L	85.810	OPRIT
165668.260	373717.479	A2	L	85.860	NA
165476.342	374056.864	A2	L	86.250	NA
165471.243	374065.467	A2	L	86.260	NA
165210.481	374503.753	A2	L	86.770	LOOP
165205.373	374512.350	A2	L	86.780	LOOP
165062.349	374753.065	A2	L	87.060	LOOP
165057.240	374761.662	A2	L	87.070	LOOP
164903.458	375019.243	A2	L	87.370	NA
164724.170	375319.831	A2	L	87.720	NA
164551.205	375612.547	A2	L	88.060	LOOP
164546.128	375621.162	A2	L	88.070	LOOP
164367.555	375922.180	A2	L	88.420	NA
164193.272	376214.113	A2	L	88.760	LOOP
164188.195	376222.729	A2	L	88.770	LOOP
164015.402	376515.547	A2	L	89.110	LOOP
164010.315	376524.156	A2	L	89.120	LOOP
163838.973	376817.806	A2	L	89.460	LOOP
163834.103	376826.540	A2	L	89.470	LOOP
163689.016	377133.690	A2	L	89.810	NA
163685.855	377143.162	A2	L	89.820	NA
163592.352	377470.023	A2	L	90.160	LOOP
163589.731	377479.673	A2	L	90.170	LOOP
163499.219	377807.403	A2	L	90.510	LOOP
163496.531	377817.035	A2	L	90.520	LOOP
163409.122	378145.592	A2	L	90.860	NA
163406.684	378155.290	A2	L	90.870	NA
163340.179	378427.274	A2	L	91.150	LOOP
163264.621	378696.868	A2	L	91.430	LOOP
163238.994	378783.143	A2	L	91.520	LOOP
163217.492	378860.196	A2	L	91.600	AFRIT
163169.864	378980.914	A2	L	91.730	LOOP
163165.895	378990.093	A2	L	91.740	NA
162900.597	379345.130	A2	L	92.190	LOOP
162884.937	379357.570	A2	L	92.210	NA
162706.230	379465.634	A2	L	92.420	LOOP
162338.779	379550.505	A2	L	92.800	LOOP
162089.081	379562.785	A2	L	93.050	NA
161789.414	379576.921	A2	L	93.350	LOOP
161739.465	379579.169	A2	L	93.400	AFRIT
161629.576	379584.117	A2	L	93.510	NA
161439.774	379592.789	A2	L	93.700	NA
161349.872	379596.984	A2	L	93.790	NA
161279.948	379600.247	A2	L	93.860	OPRIT
161050.212	379611.256	A2	L	94.090	LOOP
160990.289	379614.291	A2	L	94.150	NA
160910.391	379618.337	A2	L	94.230	LOOP
160720.483	379623.989	A2	L	94.420	LOOP
160500.502	379626.498	A2	L	94.640	LOOP
160310.548	379622.661	A2	L	94.830	LOOP
160020.677	379614.034	A2	L	95.120	LOOP
159920.718	379611.149	A2	L	95.220	LOOP
159750.779	379606.620	A2	L	95.390	LOOP
159470.881	379599.048	A2	L	95.670	AFRIT
159450.889	379598.479	A2	L	95.690	NA
159290.954	379593.924	A2	L	95.850	OPRIT
159091.042	379588.002	A2	L	96.050	LOOP
159071.050	379587.408	A2	L	96.070	NA
158672.455	379555.502	A2	L	96.470	NA
158662.506	379554.491	A2	L	96.480	NA
158140.746	379679.197	A2	L	97.040	LOOP
158006.274	380119.017	A2	L	97.510	LOOP
158001.579	380158.740	A2	L	97.550	LOOP
157961.830	380466.164	A2	L	97.860	LOOP
157960.773	380476.108	A2	L	97.870	LOOP
157958.660	380495.996	A2	L	97.890	AFRIT
157934.981	380724.767	A2	L	98.120	LOOP
157934.162	380734.733	A2	L	98.130	LOOP
157903.232	381123.504	A2	L	98.520	LOOP
157902.411	381133.471	A2	L	98.530	OPRIT
157891.750	381263.033	A2	L	98.660	LOOP
157872.833	381512.315	A2	L	98.910	LOOP
157860.836	381661.835	A2	L	99.060	LOOP
157841.787	381901.076	A2	L	99.300	LOOP
157828.326	382070.541	A2	L	99.470	LOOP
157811.417	382269.812	A2	L	99.670	LOOP
157739.104	382784.636	A2	L	100.190	LOOP
157728.099	382853.765	A2	L	100.260	LOOP
157710.955	383122.611	A2	L	100.530	AFRIT
157713.666	383202.410	A2	L	100.610	LOOP
157722.579	383281.912	A2	L	100.690	LOOP
157730.829	383351.423	A2	L	100.760	OPRIT
157771.359	383688.997	A2	L	101.100	LOOP
157773.761	383708.853	A2	L	101.120	LOOP
157815.318	384205.657	A2	L	101.620	LOOP
157612.005	384632.847	A2	L	102.100	NA
157352.493	384818.198	A2	L	102.420	LOOP
157317.484	384837.545	A2	L	102.460	LOOP
156997.033	385058.315	A2	L	102.850	LOOP
156981.710	385071.169	A2	L	102.870	LOOP
156796.068	385252.624	A2	L	103.130	LOOP
156663.963	385415.688	A2	L	103.340	LOOP
156645.697	385439.486	A2	L	103.370	AFRIT
156580.106	385551.684	A2	L	103.500	LOOP
156497.153	385700.035	A2	L	103.670	LOOP
156435.303	385836.432	A2	L	103.820	LOOP
156409.823	385901.630	A2	L	103.890	OPRIT
156398.121	385939.868	A2	L	103.930	LOOP
156345.471	386122.395	A2	L	104.120	LOOP
156302.150	386297.104	A2	L	104.300	LOOP
156284.066	386395.427	A2	L	104.400	LOOP
156236.911	386691.625	A2	L	104.700	NA
156216.297	387161.062	A2	L	105.170	LOOP
156180.901	387559.459	A2	L	105.570	LOOP
156165.773	387838.931	A2	L	105.850	NA
156283.217	388099.508	A2	L	106.140	LOOP
156622.418	388297.895	A2	L	106.540	NA
156812.930	388358.742	A2	L	106.740	NA
156933.955	388405.859	A2	L	106.870	LOOP
157187.918	388523.472	A2	L	107.150	LOOP
157292.686	388616.488	A2	L	107.300	NA
157651.145	389677.575	A2	L	108.420	LOOP
157528.132	389899.960	A2	L	108.700	LOOP
157296.160	390188.125	A2	L	109.070	LOOP
157277.820	390211.866	A2	L	109.100	LOOP
157103.401	390443.521	A2	L	109.390	AFRIT
156947.829	390639.193	A2	L	109.640	LOOP
156934.574	390654.169	A2	L	109.660	LOOP
156663.310	390961.604	A2	L	110.070	NA
156570.852	391066.729	A2	L	110.210	OPRIT
156467.269	391188.650	A2	L	110.370	NA
156190.495	391555.682	A2	L	110.830	NA
155980.467	391884.286	A2	L	111.220	LOOP
155975.095	391892.720	A2	L	111.230	LOOP
155762.307	392231.426	A2	L	111.630	LOOP
155756.990	392239.895	A2	L	111.640	LOOP
155554.787	392561.630	A2	L	112.020	LOOP
155538.635	392586.910	A2	L	112.050	LOOP
155484.327	392670.879	A2	L	112.150	AFRIT
155335.916	392896.409	A2	L	112.420	LOOP
155330.276	392904.667	A2	L	112.430	LOOP
155302.078	392945.958	A2	L	112.480	OPRIT
155039.202	393323.430	A2	L	112.940	LOOP
155033.438	393331.601	A2	L	112.950	LOOP
154738.040	393795.427	A2	L	113.500	LOOP
154732.856	393803.979	A2	L	113.510	LOOP
154418.840	394315.228	A2	L	114.110	LOOP
154100.594	394823.873	A2	L	114.710	LOOP
153787.652	395324.040	A2	L	115.300	LOOP
153485.319	395807.253	A2	L	115.870	LOOP
153285.163	396118.384	A2	L	116.240	LOOP
153052.826	396549.214	A2	L	116.730	LOOP
152888.765	397205.497	A2	L	117.410	LOOP
152887.928	397215.462	A2	L	117.420	LOOP
152875.897	397565.145	A2	L	117.770	NA
152875.239	397605.140	A2	L	117.810	NA
152870.802	397875.103	A2	L	118.080	LOOP
152868.831	397995.087	A2	L	118.200	LOOP
152863.463	398315.042	A2	L	118.520	AFRIT
152858.853	398575.001	A2	L	118.780	LOOP
152858.719	398585.000	A2	L	118.790	LOOP
152852.027	399084.955	A2	L	119.290	OPRIT
152848.305	399114.710	A2	L	119.320	LOOP
152846.984	399124.622	A2	L	119.330	LOOP
152698.144	399671.609	A2	L	119.900	NA
152307.948	400261.359	A2	L	120.610	NA
151859.264	400824.436	A2	L	121.330	LOOP
151853.156	400832.354	A2	L	121.340	LOOP
151471.323	401333.442	A2	L	121.970	NA
151059.203	401835.602	A2	L	122.620	NA
150710.610	402179.559	A2	L	123.110	NA
150282.484	402712.371	A2	L	123.800	NA
150164.761	403115.098	A2	L	124.220	AFRIT
150137.059	403242.090	A2	L	124.350	LOOP
150133.109	403261.696	A2	L	124.370	LOOP
150123.234	403310.711	A2	L	124.420	OPRIT
149998.318	403887.311	A2	L	125.010	LOOP
149996.334	403897.113	A2	L	125.020	LOOP
149900.947	404377.737	A2	L	125.510	LOOP
149899.017	404387.549	A2	L	125.520	LOOP
149810.094	404869.388	A2	L	126.010	LOOP
149808.364	404879.237	A2	L	126.020	LOOP
149735.907	405464.305	A2	L	126.610	LOOP
149735.305	405474.287	A2	L	126.620	LOOP
149639.849	406053.913	A2	L	127.210	LOOP
149636.796	406063.435	A2	L	127.220	NA
149511.951	406432.862	A2	L	127.610	NA
149498.566	406470.556	A2	L	127.650	AFRIT
149367.772	406837.969	A2	L	128.040	LOOP
149364.389	406847.379	A2	L	128.050	LOOP
149253.935	407158.344	A2	L	128.380	OPRIT
149251.183	407167.950	A2	L	128.390	LOOP
149248.654	407177.625	A2	L	128.400	LOOP
149185.960	407429.793	A2	L	128.660	LOOP
149161.565	407628.169	A2	L	128.860	LOOP
149153.970	407747.929	A2	L	128.980	LOOP
149145.647	407977.765	A2	L	129.210	LOOP
149168.928	408256.237	A2	L	129.490	LOOP
149352.620	408627.768	A2	L	129.910	LOOP
149689.690	408886.439	A2	L	130.340	NA
149716.701	408899.492	A2	L	130.370	NA
150285.522	409088.785	A2	L	130.970	NA
150294.459	409093.273	A2	L	130.980	LOOP
150611.371	409263.536	A2	L	131.340	NA
150842.604	409402.933	A2	L	131.610	LOOP
150851.168	409408.096	A2	L	131.620	LOOP
151033.132	409512.871	A2	L	131.830	AFRIT
151094.231	409547.032	A2	L	131.900	NA
151242.293	409606.509	A2	L	132.060	OPRIT
151318.372	409631.249	A2	L	132.140	LOOP
152322.250	410777.522	A2	L	133.830	AFRIT
152358.925	410963.949	A2	L	134.020	NA
152557.776	412222.565	A2	L	135.300	LOOP
152456.528	412711.159	A2	L	135.800	LOOP
151774.612	413904.979	A2	L	137.180	AFRIT
151653.983	414088.926	A2	L	137.400	OPRIT
151243.974	414551.790	A2	L	138.020	LOOP
151090.941	414680.496	A2	L	138.220	LOOP
150270.530	415426.789	A2	L	139.330	LOOP
149948.558	415782.655	A2	L	139.810	NA
149751.016	416021.532	A2	L	140.120	NA
149403.407	416498.119	A2	L	140.710	NA
149397.707	416506.336	A2	L	140.720	NA
149185.728	416821.702	A2	L	141.100	LOOP
149169.093	416846.668	A2	L	141.130	LOOP
148902.833	417246.049	A2	L	141.610	NA
148698.573	417554.554	A2	L	141.980	LOOP
148373.754	418035.060	A2	L	142.560	LOOP
148192.358	418298.679	A2	L	142.880	LOOP
148054.368	418495.034	A2	L	143.120	NA
147926.372	418673.967	A2	L	143.340	LOOP
147833.964	418804.583	A2	L	143.500	AFRIT
147716.361	418966.337	A2	L	143.700	LOOP
147650.601	419054.516	A2	L	143.810	OPRIT
147602.699	419118.590	A2	L	143.890	LOOP
147375.555	419397.773	A2	L	144.250	LOOP
147355.504	419420.089	A2	L	144.280	LOOP
146904.143	419811.618	A2	L	144.880	LOOP
146491.106	420156.464	A2	L	145.420	LOOP
146223.196	420621.814	A2	L	145.960	LOOP
146142.200	420951.245	A2	L	146.300	LOOP
146139.011	420981.045	A2	L	146.330	LOOP
146113.937	421340.169	A2	L	146.690	LOOP
146100.137	421579.772	A2	L	146.930	LOOP
146082.933	422159.128	A2	L	147.510	LOOP
146090.625	422399.005	A2	L	147.750	AFRIT
146092.184	422438.974	A2	L	147.790	NA
146102.387	422698.774	A2	L	148.050	OPRIT
146106.377	422798.694	A2	L	148.150	NA
146122.288	423168.348	A2	L	148.520	LOOP
146122.654	423178.341	A2	L	148.530	LOOP
146137.627	423588.068	A2	L	148.940	LOOP
146138.357	423608.055	A2	L	148.960	LOOP
146160.115	424197.646	A2	L	149.550	LOOP
146160.412	424207.642	A2	L	149.560	NA
146221.493	424672.409	A2	L	150.030	NA
146244.168	424780.044	A2	L	150.140	LOOP
146277.740	425067.217	A2	L	150.430	LOOP
146271.496	425296.946	A2	L	150.660	LOOP
146220.966	425754.140	A2	L	151.120	LOOP
146219.833	425764.076	A2	L	151.130	NA
146108.606	426299.985	A2	L	151.680	LOOP
146101.178	426318.555	A2	L	151.700	LOOP
145974.498	426590.221	A2	L	152.000	AFRIT
145942.013	426652.224	A2	L	152.070	NA
145917.854	426696.000	A2	L	152.120	LOOP
145758.405	426984.922	A2	L	152.450	LOOP
145651.725	427177.326	A2	L	152.670	NA
145575.424	427317.961	A2	L	152.830	LOOP
145459.717	427528.221	A2	L	153.070	LOOP
145384.830	427658.169	A2	L	153.220	LOOP
145169.308	428006.952	A2	L	153.630	LOOP
145062.969	428176.337	A2	L	153.830	LOOP
144755.187	428667.936	A2	L	154.410	LOOP
144538.771	429016.161	A2	L	154.820	NA
144533.564	429024.698	A2	L	154.830	LOOP
144250.329	429495.890	A2	L	155.380	LOOP
144087.173	429805.533	A2	L	155.730	LOOP
144064.007	429849.843	A2	L	155.780	LOOP
143897.432	430168.986	A2	L	156.140	LOOP
143883.410	430195.507	A2	L	156.170	LOOP
143711.523	430523.158	A2	L	156.540	LOOP
143706.891	430532.020	A2	L	156.550	LOOP
143586.456	430762.445	A2	L	156.810	LOOP
143581.824	430771.307	A2	L	156.820	LOOP
143339.309	431242.544	A2	L	157.350	LOOP
143130.203	431594.924	A2	L	157.760	NA
142989.133	431801.273	A2	L	158.010	LOOP
142904.547	431925.105	A2	L	158.160	AFRIT
142825.941	432052.818	A2	L	158.310	NA
142736.233	432208.857	A2	L	158.490	OPRIT
142615.438	432450.254	A2	L	158.760	LOOP
142528.778	432630.495	A2	L	158.960	LOOP
142440.170	432809.795	A2	L	159.160	NA
142232.134	433197.473	A2	L	159.600	LOOP
142037.004	433558.061	A2	L	160.010	LOOP
141827.807	433945.120	A2	L	160.450	LOOP
141634.812	434260.680	A2	L	160.820	LOOP
141436.100	434572.790	A2	L	161.190	AFRIT
141351.977	434708.864	A2	L	161.350	NA
141210.316	434961.840	A2	L	161.640	OPRIT
141072.784	435239.604	A2	L	161.950	LOOP
140944.014	435521.594	A2	L	162.260	LOOP
140736.955	435976.705	A2	L	162.760	LOOP
140508.596	436477.056	A2	L	163.310	LOOP
140228.248	437006.922	A2	L	163.910	NA
139963.200	437430.889	A2	L	164.410	LOOP
139857.879	437600.904	A2	L	164.610	AFRIT
139757.059	437761.949	A2	L	164.800	LOOP
139539.502	438109.467	A2	L	165.210	LOOP
139534.196	438117.943	A2	L	165.220	OPRIT
139379.710	438363.369	A2	L	165.510	NA
139067.480	438751.940	A2	L	166.010	LOOP
138779.392	439029.394	A2	L	166.410	LOOP
138640.427	439158.928	A2	L	166.600	AFRIT
138597.266	439200.606	A2	L	166.660	LOOP
138236.103	439546.380	A2	L	167.160	LOOP
138170.911	439608.428	A2	L	167.250	OPRIT
137769.466	439998.790	A2	L	167.810	LOOP
137337.748	440415.354	A2	L	168.410	LOOP
137017.573	440731.519	A2	L	168.860	LOOP
136770.500	441044.909	A2	L	169.260	LOOP
136557.268	441383.295	A2	L	169.660	LOOP
136435.747	441578.571	A2	L	169.890	LOOP
136296.213	441797.952	A2	L	170.150	LOOP
136185.651	441976.490	A2	L	170.360	LOOP
136108.511	442105.133	A2	L	170.510	LOOP
135931.982	442395.715	A2	L	170.850	NA
135635.036	442870.464	A2	L	171.410	LOOP
135266.459	443368.829	A2	L	172.030	LOOP
134908.174	443757.786	A2	L	172.560	LOOP
134642.960	443986.163	A2	L	172.910	LOOP
134454.181	444150.060	A2	L	173.160	LOOP
134238.761	444371.144	A2	L	173.470	AFRIT
134066.383	444685.593	A2	L	173.830	LOOP
133965.704	444936.098	A2	L	174.100	OPRIT
133854.859	445246.872	A2	L	174.430	LOOP
133732.294	445606.560	A2	L	174.810	LOOP
133636.963	445911.987	A2	L	175.130	LOOP
133585.018	446105.094	A2	L	175.330	AFRIT
133557.671	446232.185	A2	L	175.460	OPRIT
133511.315	446416.338	A2	L	175.650	LOOP
133347.063	446920.244	A2	L	176.180	LOOP
133239.261	447221.494	A2	L	176.500	LOOP
133030.322	447794.469	A2	L	177.110	LOOP
132928.683	448129.289	A2	L	177.460	LOOP
132878.041	448312.385	A2	L	177.650	AFRIT
132817.174	448656.263	A2	L	178.000	LOOP
132813.850	448976.177	A2	L	178.320	OPRIT
132819.125	449196.114	A2	L	178.540	LOOP
132833.970	449705.896	A2	L	179.050	LOOP
132850.860	450215.604	A2	L	179.560	LOOP
132866.340	450755.381	A2	L	180.100	LOOP
132880.579	451235.170	A2	L	180.580	LOOP
132912.037	451683.509	A2	L	181.030	LOOP
133001.313	452083.336	A2	L	181.440	LOOP
133174.925	452761.463	A2	L	182.140	NA
133572.943	454342.057	A2	L	183.770	AFRIT
133653.966	454743.554	A2	L	184.180	LOOP
133665.317	454872.967	A2	L	184.310	OPRIT
133667.928	454912.882	A2	L	184.350	LOOP
133664.838	455192.759	A2	L	184.630	LOOP
133623.159	455499.716	A2	L	184.940	LOOP
133253.421	456447.048	A2	L	185.960	LOOP
133181.633	456601.146	A2	L	186.130	LOOP
133111.906	456745.138	A2	L	186.290	LOOP
132550.566	457581.159	A2	L	187.300	LOOP
132365.331	457777.417	A2	L	187.570	AFRIT
131937.338	458137.700	A2	L	188.130	LOOP
131888.548	458172.608	A2	L	188.190	OPRIT
131073.117	458716.119	A2	L	189.170	AFRIT
130798.805	458899.565	A2	L	189.500	LOOP
130459.779	459146.925	A2	L	189.920	OPRIT
130345.475	459258.883	A2	L	190.080	LOOP
129941.256	459660.746	A2	L	190.650	NA
129556.937	460054.016	A2	L	191.200	LOOP
129244.000	460515.904	A2	L	191.760	LOOP
129028.679	461010.898	A2	L	192.300	LOOP
128812.714	461527.578	A2	L	192.860	LOOP
128635.045	461951.875	A2	L	193.320	NA
128406.129	462495.654	A2	L	193.910	LOOP
128175.703	463049.634	A2	L	194.510	LOOP
127977.008	463519.336	A2	L	195.020	LOOP
127750.304	464074.622	A2	L	195.620	LOOP
127663.677	464655.797	A2	L	196.210	NA
127647.533	465075.486	A2	L	196.630	AFRIT
127640.320	465245.333	A2	L	196.800	NA
127637.369	465305.260	A2	L	196.860	OPRIT
127620.242	465654.841	A2	L	197.210	NA
127610.997	465864.637	A2	L	197.420	LOOP
127605.379	466104.537	A2	L	197.660	NA
127608.956	466354.466	A2	L	197.910	LOOP
127620.068	466734.303	A2	L	198.290	LOOP
127629.782	467064.160	A2	L	198.620	NA
127640.519	467664.007	A2	L	199.220	LOOP
127639.068	468114.004	A2	L	199.670	LOOP
127637.859	468633.987	A2	L	200.190	LOOP
127645.513	469283.942	A2	L	200.840	LOOP
127654.995	469833.844	A2	L	201.390	LOOP
127644.181	470432.657	A2	L	201.990	NA
127575.183	470734.651	A2	L	202.300	LOOP
127547.383	470809.666	A2	L	202.380	AFRIT
127446.589	471048.970	A2	L	202.640	NA
127343.100	471243.012	A2	L	202.860	OPRIT
127318.523	471286.555	A2	L	202.910	LOOP
127067.226	471786.448	A2	L	203.470	NA
126871.961	472343.076	A2	L	204.060	LOOP
126682.554	472912.396	A2	L	204.660	LOOP
126511.516	473466.396	A2	L	205.240	LOOP
126376.874	474040.813	A2	L	205.830	LOOP
126240.172	474635.292	A2	L	206.440	NA
126130.156	475009.244	A2	L	206.830	AFRIT
126057.031	475206.028	A2	L	207.040	NA
126011.910	475317.222	A2	L	207.160	OPRIT
125978.982	475400.955	A2	L	207.250	OPRIT
125959.895	475457.839	A2	L	207.310	OPRIT
125862.286	475773.067	A2	L	207.640	NA
125681.034	476333.996	A2	L	208.230	LOOP
125432.443	476879.826	A2	L	208.830	NA
125419.431	476906.858	A2	L	208.860	NA
125256.763	477250.271	A2	L	209.240	NA
125252.537	477259.334	A2	L	209.250	LOOP
125248.311	477268.396	A2	L	209.260	LOOP
125074.335	477617.366	A2	L	209.650	NA
125060.627	477644.052	A2	L	209.680	LOOP
124991.679	477777.266	A2	L	209.830	NA
124847.275	478051.575	A2	L	210.140	LOOP
124842.674	478060.453	A2	L	210.150	LOOP
124517.676	478680.429	A2	L	210.850	LOOP
124499.235	478715.924	A2	L	210.890	LOOP
124291.021	479114.855	A2	L	211.340	LOOP
124286.343	479123.694	A2	L	211.350	LOOP
124101.561	479455.633	A2	L	211.730	LOOP
124096.492	479464.252	A2	L	211.740	LOOP
124045.378	479550.201	A2	L	211.840	LOOP
123882.331	479813.845	A2	L	212.150	LOOP
123855.757	479856.199	A2	L	212.200	LOOP
123653.275	480177.755	A2	L	212.580	LOOP
123610.898	480245.609	A2	L	212.660	AFRIT
123594.915	480270.997	A2	L	212.690	LOOP
123509.673	480406.400	A2	L	212.850	LOOP
123433.358	480523.769	A2	L	212.990	OPRIT
123406.042	480565.647	A2	L	213.040	LOOP
123241.985	480816.815	A2	L	213.340	LOOP
123101.589	481035.648	A2	L	213.600	LOOP
122943.079	481301.732	A2	L	213.910	LOOP
122814.574	481605.118	A2	L	214.240	LOOP
122811.100	481614.495	A2	L	214.250	LOOP
122785.253	481710.991	A2	L	214.350	NA
122749.011	481897.503	A2	L	214.540	LOOP
122722.652	482125.937	A2	L	214.770	LOOP
122717.803	482175.699	A2	L	214.820	LOOP
122696.794	482404.738	A2	L	215.050	NA
122676.405	482633.832	A2	L	215.280	LOOP
122654.740	482882.891	A2	L	215.530	EIND
