"";"Onderwerpen";"Mannen en vrouwen";"Mannen en vrouwen";"Mannen en vrouwen";"Mannen en vrouwen";"Mannen";"Mannen";"Mannen";"Mannen";"Vrouwen";"Vrouwen";"Vrouwen";"Vrouwen"
"";"Leeftijd";"Totaal leeftijden";"Jonger dan 20 jaar";"20 tot 65 jaar";"65 jaar of ouder";"Totaal leeftijden";"Jonger dan 20 jaar";"20 tot 65 jaar";"65 jaar of ouder";"Totaal leeftijden";"Jonger dan 20 jaar";"20 tot 65 jaar";"65 jaar of ouder"
"Regio's";"Perioden";"aantal";"aantal";"aantal";"aantal";"aantal";"aantal";"aantal";"aantal";"aantal";"aantal";"aantal";"aantal"
"Aa en Hunze";"2012";"25738";"5683";"14773";"5282";"12834";"2918";"7500";"2416";"12904";"2765";"7273";"2866"
"Aalburg";"2012";"12749";"3592";"7339";"1818";"6441";"1877";"3731";"833";"6308";"1715";"3608";"985"
"Aalsmeer";"2012";"30364";"7797";"17758";"4809";"15049";"3978";"8883";"2188";"15315";"3819";"8875";"2621"
"Aalten";"2012";"27305";"6556";"15751";"4998";"13686";"3387";"8083";"2216";"13619";"3169";"7668";"2782"
"Achtkarspelen";"2012";"28091";"7113";"16441";"4537";"14263";"3732";"8473";"2058";"13828";"3381";"7968";"2479"
"Alblasserdam";"2012";"19467";"5205";"10805";"3457";"9496";"2621";"5380";"1495";"9971";"2584";"5425";"1962"
"Albrandswaard";"2012";"25003";"6266";"15210";"3527";"12388";"3213";"7577";"1598";"12615";"3053";"7633";"1929"
"Alkmaar";"2012";"94269";"20558";"59257";"14454";"46423";"10567";"29506";"6350";"47846";"9991";"29751";"8104"
"Almelo";"2012";"72757";"17726";"43080";"11951";"36089";"9099";"21711";"5279";"36668";"8627";"21369";"6672"
"Almere";"2012";"193163";"53912";"123337";"15914";"95874";"27619";"60955";"7300";"97289";"26293";"62382";"8614"
"Alphen aan den Rijn";"2012";"72853";"17794";"44868";"10191";"35958";"9028";"22406";"4524";"36895";"8766";"22462";"5667"
"Alphen-Chaam";"2012";"9525";"2223";"5526";"1776";"4825";"1138";"2845";"842";"4700";"1085";"2681";"934"
"Ameland";"2012";"3526";"824";"2043";"659";"1753";"411";"1045";"297";"1773";"413";"998";"362"
"Amersfoort";"2012";"148250";"39255";"90445";"18550";"72849";"20063";"44943";"7843";"75401";"19192";"45502";"10707"
"Amstelveen";"2012";"83363";"18514";"49211";"15638";"39711";"9310";"24068";"6333";"43652";"9204";"25143";"9305"
"Amsterdam";"2012";"790110";"161709";"538815";"89586";"389005";"81735";"268248";"39022";"401105";"79974";"270567";"50564"
"Apeldoorn";"2012";"156961";"36267";"92874";"27820";"77525";"18863";"46582";"12080";"79436";"17404";"46292";"15740"
"Appingedam";"2012";"12053";"2548";"6954";"2551";"5822";"1307";"3453";"1062";"6231";"1241";"3501";"1489"
"Arnhem";"2012";"149271";"32748";"96884";"19639";"74067";"16757";"48905";"8405";"75204";"15991";"47979";"11234"
"Assen";"2012";"67208";"16729";"39727";"10752";"32931";"8552";"19727";"4652";"34277";"8177";"20000";"6100"
"Asten";"2012";"16404";"3995";"9618";"2791";"8409";"2130";"4966";"1313";"7995";"1865";"4652";"1478"
"Baarle-Nassau";"2012";"6722";"1265";"3948";"1509";"3424";"659";"2040";"725";"3298";"606";"1908";"784"
"Baarn";"2012";"24352";"5452";"13986";"4914";"11709";"2808";"6845";"2056";"12643";"2644";"7141";"2858"
"Barendrecht";"2012";"47053";"12986";"27786";"6281";"23229";"6729";"13643";"2857";"23824";"6257";"14143";"3424"
"Barneveld";"2012";"53521";"16038";"29756";"7727";"26617";"8249";"14953";"3415";"26904";"7789";"14803";"4312"
"Bedum";"2012";"10508";"2561";"6154";"1793";"5281";"1311";"3143";"827";"5227";"1250";"3011";"966"
"Beek (L.)";"2012";"16457";"3349";"9722";"3386";"7999";"1611";"4854";"1534";"8458";"1738";"4868";"1852"
"Beemster";"2012";"8719";"2092";"5044";"1583";"4360";"1080";"2544";"736";"4359";"1012";"2500";"847"
"Beesel";"2012";"13742";"3058";"8245";"2439";"6920";"1594";"4229";"1097";"6822";"1464";"4016";"1342"
"Bellingwedde";"2012";"9283";"1823";"5437";"2023";"4645";"932";"2804";"909";"4638";"891";"2633";"1114"
"Bergambacht";"2012";"9908";"2624";"5520";"1764";"4888";"1331";"2732";"825";"5020";"1293";"2788";"939"
"Bergeijk";"2012";"18123";"4351";"10530";"3242";"9187";"2224";"5444";"1519";"8936";"2127";"5086";"1723"
"Bergen (L.)";"2012";"13286";"2955";"7952";"2379";"6658";"1456";"4109";"1093";"6628";"1499";"3843";"1286"
"Bergen (NH.)";"2012";"30682";"6292";"16544";"7846";"14870";"3216";"8152";"3502";"15812";"3076";"8392";"4344"
"Bergen op Zoom";"2012";"66130";"14552";"39863";"11715";"32662";"7448";"19966";"5248";"33468";"7104";"19897";"6467"
"Berkelland";"2012";"44911";"10607";"25516";"8788";"22622";"5491";"13103";"4028";"22289";"5116";"12413";"4760"
"Bernheze";"2012";"29802";"7636";"17252";"4914";"15023";"3919";"8833";"2271";"14779";"3717";"8419";"2643"
"Bernisse";"2012";"12426";"2697";"7434";"2295";"6244";"1419";"3711";"1114";"6182";"1278";"3723";"1181"
"Best";"2012";"28696";"7261";"17020";"4415";"14357";"3754";"8510";"2093";"14339";"3507";"8510";"2322"
"Beuningen";"2012";"25433";"6239";"15576";"3618";"12686";"3231";"7778";"1677";"12747";"3008";"7798";"1941"
"Beverwijk";"2012";"39844";"9039";"24358";"6447";"19719";"4671";"12288";"2760";"20125";"4368";"12070";"3687"
"het Bildt";"2012";"10798";"2731";"6246";"1821";"5537";"1407";"3290";"840";"5261";"1324";"2956";"981"
"De Bilt";"2012";"42079";"10089";"22850";"9140";"19981";"5156";"11061";"3764";"22098";"4933";"11789";"5376"
"Binnenmaas";"2012";"28962";"6464";"17132";"5366";"14333";"3263";"8580";"2490";"14629";"3201";"8552";"2876"
"Bladel";"2012";"19582";"4699";"11463";"3420";"9967";"2459";"5908";"1600";"9615";"2240";"5555";"1820"
"Blaricum";"2012";"9038";"2010";"4950";"2078";"4368";"1036";"2372";"960";"4670";"974";"2578";"1118"
"Bloemendaal";"2012";"22056";"5484";"11103";"5469";"10494";"2793";"5393";"2308";"11562";"2691";"5710";"3161"
"Boarnsterhim";"2012";"19380";"4894";"11300";"3186";"9721";"2495";"5739";"1487";"9659";"2399";"5561";"1699"
"Bodegraven-Reeuwijk";"2012";"32834";"8585";"18879";"5370";"16439";"4445";"9522";"2472";"16395";"4140";"9357";"2898"
"Boekel";"2012";"9967";"2640";"5844";"1483";"5095";"1350";"3036";"709";"4872";"1290";"2808";"774"
"Ten Boer";"2012";"7477";"2011";"4312";"1154";"3744";"1051";"2169";"524";"3733";"960";"2143";"630"
"Borger-Odoorn";"2012";"25859";"5847";"14918";"5094";"12894";"3018";"7470";"2406";"12965";"2829";"7448";"2688"
"Borne";"2012";"21586";"5271";"12427";"3888";"10800";"2762";"6254";"1784";"10786";"2509";"6173";"2104"
"Borsele";"2012";"22676";"5795";"13090";"3791";"11491";"3009";"6693";"1789";"11185";"2786";"6397";"2002"
"Boskoop";"2012";"15087";"3911";"8703";"2473";"7525";"1953";"4423";"1149";"7562";"1958";"4280";"1324"
"Boxmeer";"2012";"28397";"6797";"16721";"4879";"14192";"3469";"8534";"2189";"14205";"3328";"8187";"2690"
"Boxtel";"2012";"30284";"7255";"17836";"5193";"14988";"3646";"9003";"2339";"15296";"3609";"8833";"2854"
"Breda";"2012";"176401";"40062";"107957";"28382";"85977";"20128";"53529";"12320";"90424";"19934";"54428";"16062"
"Brielle";"2012";"16072";"3475";"9721";"2876";"7914";"1780";"4825";"1309";"8158";"1695";"4896";"1567"
"Bronckhorst";"2012";"37441";"8698";"20971";"7772";"18598";"4351";"10724";"3523";"18843";"4347";"10247";"4249"
"Brummen";"2012";"21327";"4886";"12093";"4348";"10519";"2496";"6099";"1924";"10808";"2390";"5994";"2424"
"Brunssum";"2012";"29199";"5680";"17522";"5997";"14233";"2880";"8821";"2532";"14966";"2800";"8701";"3465"
"Bunnik";"2012";"14451";"3631";"7962";"2858";"7141";"1898";"3969";"1274";"7310";"1733";"3993";"1584"
"Bunschoten";"2012";"20200";"5612";"11879";"2709";"10118";"2821";"6051";"1246";"10082";"2791";"5828";"1463"
"Buren";"2012";"25949";"6345";"15548";"4056";"12984";"3228";"7870";"1886";"12965";"3117";"7678";"2170"
"Bussum";"2012";"32585";"8137";"18163";"6285";"15472";"4139";"8893";"2440";"17113";"3998";"9270";"3845"
"Capelle aan den IJssel";"2012";"66122";"15253";"40372";"10497";"31923";"7872";"19536";"4515";"34199";"7381";"20836";"5982"
"Castricum";"2012";"34474";"8047";"19116";"7311";"16853";"4034";"9554";"3265";"17621";"4013";"9562";"4046"
"Coevorden";"2012";"35881";"8176";"20572";"7133";"17914";"4271";"10431";"3212";"17967";"3905";"10141";"3921"
"Cranendonck";"2012";"20432";"4531";"12164";"3737";"10338";"2382";"6212";"1744";"10094";"2149";"5952";"1993"
"Cromstrijen";"2012";"12780";"2858";"7596";"2326";"6345";"1472";"3793";"1080";"6435";"1386";"3803";"1246"
"Cuijk";"2012";"24648";"5909";"14638";"4101";"12328";"3019";"7416";"1893";"12320";"2890";"7222";"2208"
"Culemborg";"2012";"27632";"7245";"16482";"3905";"13687";"3749";"8200";"1738";"13945";"3496";"8282";"2167"
"Dalfsen";"2012";"27432";"7094";"15604";"4734";"13933";"3690";"8057";"2186";"13499";"3404";"7547";"2548"
"Dantumadiel";"2012";"19264";"4769";"11045";"3450";"9646";"2424";"5694";"1528";"9618";"2345";"5351";"1922"
"Delft";"2012";"98675";"19296";"65669";"13710";"52300";"10170";"36191";"5939";"46375";"9126";"29478";"7771"
"Delfzijl";"2012";"26305";"5588";"15032";"5685";"13155";"2856";"7727";"2572";"13150";"2732";"7305";"3113"
"Deurne";"2012";"31762";"7522";"18791";"5449";"16000";"3855";"9633";"2512";"15762";"3667";"9158";"2937"
"Deventer";"2012";"98672";"23573";"60081";"15018";"48552";"11979";"30012";"6561";"50120";"11594";"30069";"8457"
"Diemen";"2012";"24935";"5589";"15673";"3673";"12045";"2812";"7621";"1612";"12890";"2777";"8052";"2061"
"Dinkelland";"2012";"26073";"6788";"14579";"4706";"13247";"3513";"7659";"2075";"12826";"3275";"6920";"2631"
"Dirksland";"2012";"8476";"2234";"4854";"1388";"4237";"1164";"2465";"608";"4239";"1070";"2389";"780"
"Doesburg";"2012";"11598";"2669";"6798";"2131";"5656";"1375";"3296";"985";"5942";"1294";"3502";"1146"
"Doetinchem";"2012";"56252";"13153";"33491";"9608";"27854";"6691";"16912";"4251";"28398";"6462";"16579";"5357"
"Dongen";"2012";"25205";"5911";"15004";"4290";"12499";"3080";"7525";"1894";"12706";"2831";"7479";"2396"
"Dongeradeel";"2012";"24284";"6018";"13770";"4496";"12190";"3059";"7101";"2030";"12094";"2959";"6669";"2466"
"Dordrecht";"2012";"118862";"27514";"72381";"18967";"58553";"14019";"36320";"8214";"60309";"13495";"36061";"10753"
"Drechterland";"2012";"19300";"4797";"11407";"3096";"9796";"2472";"5800";"1524";"9504";"2325";"5607";"1572"
"Drimmelen";"2012";"26664";"6010";"15964";"4690";"13335";"3093";"8080";"2162";"13329";"2917";"7884";"2528"
"Dronten";"2012";"40470";"10754";"24021";"5695";"20523";"5626";"12241";"2656";"19947";"5128";"11780";"3039"
"Druten";"2012";"18193";"4563";"10949";"2681";"9036";"2350";"5475";"1211";"9157";"2213";"5474";"1470"
"Duiven";"2012";"25525";"6766";"15307";"3452";"12514";"3413";"7601";"1500";"13011";"3353";"7706";"1952"
"Echt-Susteren";"2012";"32165";"6212";"19568";"6385";"16096";"3215";"10018";"2863";"16069";"2997";"9550";"3522"
"Edam-Volendam";"2012";"28700";"7290";"17032";"4378";"14368";"3714";"8634";"2020";"14332";"3576";"8398";"2358"
"Ede";"2012";"108763";"28520";"63065";"17178";"53371";"14494";"31368";"7509";"55392";"14026";"31697";"9669"
"Eemnes";"2012";"8824";"2324";"5151";"1349";"4365";"1187";"2532";"646";"4459";"1137";"2619";"703"
"Eemsmond";"2012";"16235";"3893";"9315";"3027";"8255";"2043";"4782";"1430";"7980";"1850";"4533";"1597"
"Eersel";"2012";"18166";"4200";"10539";"3427";"9220";"2205";"5448";"1567";"8946";"1995";"5091";"1860"
"Eijsden-Margraten";"2012";"24994";"5454";"14433";"5107";"12498";"2790";"7259";"2449";"12496";"2664";"7174";"2658"
"Eindhoven";"2012";"217225";"44804";"137540";"34881";"110743";"23112";"72326";"15305";"106482";"21692";"65214";"19576"
"Elburg";"2012";"22416";"5903";"12871";"3642";"11105";"2997";"6473";"1635";"11311";"2906";"6398";"2007"
"Emmen";"2012";"108838";"24353";"64422";"20063";"53915";"12492";"32491";"8932";"54923";"11861";"31931";"11131"
"Enkhuizen";"2012";"18268";"4194";"11060";"3014";"9129";"2173";"5586";"1370";"9139";"2021";"5474";"1644"
"Enschede";"2012";"158048";"35334";"98474";"24240";"80221";"18189";"51392";"10640";"77827";"17145";"47082";"13600"
"Epe";"2012";"32519";"7220";"18343";"6956";"16047";"3746";"9221";"3080";"16472";"3474";"9122";"3876"
"Ermelo";"2012";"26127";"6148";"14787";"5192";"12866";"3178";"7384";"2304";"13261";"2970";"7403";"2888"
"Etten-Leur";"2012";"42048";"9923";"25449";"6676";"20803";"5043";"12759";"3001";"21245";"4880";"12690";"3675"
"Ferwerderadiel";"2012";"8837";"2248";"5132";"1457";"4532";"1172";"2683";"677";"4305";"1076";"2449";"780"
"Franekeradeel";"2012";"20512";"4903";"11965";"3644";"10302";"2475";"6135";"1692";"10210";"2428";"5830";"1952"
"Gaasterlân-Sleat";"2012";"10194";"2409";"5589";"2196";"5148";"1270";"2866";"1012";"5046";"1139";"2723";"1184"
"Geertruidenberg";"2012";"21471";"4883";"13034";"3554";"10675";"2486";"6553";"1636";"10796";"2397";"6481";"1918"
"Geldermalsen";"2012";"26334";"6983";"15269";"4082";"13052";"3607";"7649";"1796";"13282";"3376";"7620";"2286"
"Geldrop-Mierlo";"2012";"38671";"8830";"22834";"7007";"19123";"4526";"11501";"3096";"19548";"4304";"11333";"3911"
"Gemert-Bakel";"2012";"29041";"6938";"17676";"4427";"14658";"3503";"9128";"2027";"14383";"3435";"8548";"2400"
"Gennep";"2012";"17367";"3855";"10408";"3104";"8868";"2011";"5392";"1465";"8499";"1844";"5016";"1639"
"Giessenlanden";"2012";"14508";"3782";"8454";"2272";"7378";"2017";"4260";"1101";"7130";"1765";"4194";"1171"
"Gilze en Rijen";"2012";"25589";"6069";"15206";"4314";"12885";"3144";"7713";"2028";"12704";"2925";"7493";"2286"
"Goedereede";"2012";"11380";"2766";"6456";"2158";"5624";"1413";"3242";"969";"5756";"1353";"3214";"1189"
"Goes";"2012";"36921";"8041";"21502";"7378";"18046";"4124";"10766";"3156";"18875";"3917";"10736";"4222"
"Goirle";"2012";"22805";"5263";"13499";"4043";"11313";"2785";"6682";"1846";"11492";"2478";"6817";"2197"
"Gorinchem";"2012";"35083";"8367";"21081";"5635";"17248";"4293";"10505";"2450";"17835";"4074";"10576";"3185"
"Gouda";"2012";"71235";"17631";"42479";"11125";"34856";"8856";"21138";"4862";"36379";"8775";"21341";"6263"
"Graafstroom";"2012";"9795";"3035";"5321";"1439";"5011";"1632";"2710";"669";"4784";"1403";"2611";"770"
"Graft-De Rijp";"2012";"6436";"1614";"3624";"1198";"3229";"852";"1801";"576";"3207";"762";"1823";"622"
"Grave";"2012";"12799";"3045";"7718";"2036";"6607";"1594";"4038";"975";"6192";"1451";"3680";"1061"
"'s-Gravenhage (gemeente)";"2012";"502055";"115316";"320119";"66620";"247866";"58999";"160970";"27897";"254189";"56317";"159149";"38723"
"Groesbeek";"2012";"18884";"4027";"10926";"3931";"9253";"2070";"5501";"1682";"9631";"1957";"5425";"2249"
"Groningen (gemeente)";"2012";"193127";"37427";"133713";"21987";"95629";"18418";"67921";"9290";"97498";"19009";"65792";"12697"
"Grootegast";"2012";"12275";"3328";"7074";"1873";"6282";"1725";"3697";"860";"5993";"1603";"3377";"1013"
"Gulpen-Wittem";"2012";"14479";"2672";"8641";"3166";"7276";"1401";"4399";"1476";"7203";"1271";"4242";"1690"
"Haaksbergen";"2012";"24419";"5859";"13839";"4721";"12291";"3019";"7100";"2172";"12128";"2840";"6739";"2549"
"Haaren";"2012";"13621";"3291";"7894";"2436";"6958";"1671";"4101";"1186";"6663";"1620";"3793";"1250"
"Haarlem";"2012";"151818";"33091";"94829";"23898";"73922";"16822";"47034";"10066";"77896";"16269";"47795";"13832"
"Haarlemmerliede en Spaarnwoude";"2012";"5474";"1315";"3282";"877";"2700";"659";"1641";"400";"2774";"656";"1641";"477"
"Haarlemmermeer";"2012";"143943";"37630";"87673";"18640";"71554";"19327";"43695";"8532";"72389";"18303";"43978";"10108"
"Halderberge";"2012";"29325";"6325";"17410";"5590";"14563";"3203";"8781";"2579";"14762";"3122";"8629";"3011"
"Hardenberg";"2012";"59430";"15686";"34516";"9228";"30105";"8010";"17927";"4168";"29325";"7676";"16589";"5060"
"Harderwijk";"2012";"45429";"11474";"27246";"6709";"22376";"5882";"13580";"2914";"23053";"5592";"13666";"3795"
"Hardinxveld-Giessendam";"2012";"17654";"4834";"9970";"2850";"8768";"2497";"5032";"1239";"8886";"2337";"4938";"1611"
"Haren";"2012";"18457";"4281";"9450";"4726";"8729";"2156";"4593";"1980";"9728";"2125";"4857";"2746"
"Harenkarspel";"2012";"16194";"4288";"9481";"2425";"8301";"2261";"4861";"1179";"7893";"2027";"4620";"1246"
"Harlingen";"2012";"15844";"3676";"9034";"3134";"7957";"1938";"4557";"1462";"7887";"1738";"4477";"1672"
"Hattem";"2012";"11805";"2912";"6587";"2306";"5785";"1508";"3272";"1005";"6020";"1404";"3315";"1301"
"Heemskerk";"2012";"39268";"9023";"22831";"7414";"19245";"4624";"11355";"3266";"20023";"4399";"11476";"4148"
"Heemstede";"2012";"26242";"6249";"13737";"6256";"12351";"3147";"6652";"2552";"13891";"3102";"7085";"3704"
"Heerde";"2012";"18244";"4253";"10421";"3570";"8998";"2139";"5243";"1616";"9246";"2114";"5178";"1954"
"Heerenveen";"2012";"43514";"10025";"25150";"8339";"21401";"5145";"12603";"3653";"22113";"4880";"12547";"4686"
"Heerhugowaard";"2012";"52483";"13671";"31633";"7179";"26460";"7050";"15961";"3449";"26023";"6621";"15672";"3730"
"Heerlen";"2012";"89016";"16608";"54853";"17555";"44003";"8573";"27930";"7500";"45013";"8035";"26923";"10055"
"Heeze-Leende";"2012";"15352";"3523";"8751";"3078";"7754";"1827";"4490";"1437";"7598";"1696";"4261";"1641"
"Heiloo";"2012";"22650";"5279";"12197";"5174";"11140";"2729";"6124";"2287";"11510";"2550";"6073";"2887"
"Den Helder";"2012";"57065";"12185";"34716";"10164";"28284";"6299";"17477";"4508";"28781";"5886";"17239";"5656"
"Hellendoorn";"2012";"35796";"8707";"20665";"6424";"17887";"4416";"10646";"2825";"17909";"4291";"10019";"3599"
"Hellevoetsluis";"2012";"39442";"8790";"24692";"5960";"19718";"4458";"12516";"2744";"19724";"4332";"12176";"3216"
"Helmond";"2012";"88801";"22084";"53996";"12721";"44567";"11332";"27518";"5717";"44234";"10752";"26478";"7004"
"Hendrik-Ido-Ambacht";"2012";"28257";"7662";"16526";"4069";"13848";"3917";"8106";"1825";"14409";"3745";"8420";"2244"
"Hengelo (O.)";"2012";"80939";"19251";"47856";"13832";"40290";"9862";"24426";"6002";"40649";"9389";"23430";"7830"
"'s-Hertogenbosch";"2012";"141893";"31531";"89461";"20901";"69808";"16026";"44673";"9109";"72085";"15505";"44788";"11792"
"Heumen";"2012";"16413";"4082";"9230";"3101";"8128";"2151";"4576";"1401";"8285";"1931";"4654";"1700"
"Heusden";"2012";"43112";"10335";"25713";"7064";"21553";"5307";"13003";"3243";"21559";"5028";"12710";"3821"
"Hillegom";"2012";"20831";"4677";"12421";"3733";"10304";"2407";"6255";"1642";"10527";"2270";"6166";"2091"
"Hilvarenbeek";"2012";"15047";"3673";"8708";"2666";"7602";"1892";"4482";"1228";"7445";"1781";"4226";"1438"
"Hilversum";"2012";"85537";"19184";"50762";"15591";"41587";"9825";"25200";"6562";"43950";"9359";"25562";"9029"
"Hof van Twente";"2012";"35599";"8342";"19725";"7532";"17676";"4235";"10085";"3356";"17923";"4107";"9640";"4176"
"Hollands Kroon";"2012";"47703";"11763";"28192";"7748";"24150";"6074";"14351";"3725";"23553";"5689";"13841";"4023"
"Hoogeveen";"2012";"54889";"13313";"31635";"9941";"27281";"6876";"16044";"4361";"27608";"6437";"15591";"5580"
"Hoogezand-Sappemeer";"2012";"34778";"7776";"20303";"6699";"17161";"3923";"10197";"3041";"17617";"3853";"10106";"3658"
"Hoorn";"2012";"71254";"17291";"43629";"10334";"35131";"8863";"21597";"4671";"36123";"8428";"22032";"5663"
"Horst aan de Maas";"2012";"41917";"10063";"24794";"7060";"21119";"5131";"12749";"3239";"20798";"4932";"12045";"3821"
"Houten";"2012";"48309";"13732";"29639";"4938";"23916";"7040";"14668";"2208";"24393";"6692";"14971";"2730"
"Huizen";"2012";"41574";"9750";"24617";"7207";"20224";"5037";"12091";"3096";"21350";"4713";"12526";"4111"
"Hulst";"2012";"27632";"5681";"16229";"5722";"13781";"2917";"8243";"2621";"13851";"2764";"7986";"3101"
"IJsselstein";"2012";"34271";"9253";"20689";"4329";"16719";"4681";"10166";"1872";"17552";"4572";"10523";"2457"
"Kaag en Braassem";"2012";"25737";"6203";"15326";"4208";"13062";"3246";"7822";"1994";"12675";"2957";"7504";"2214"
"Kampen";"2012";"50705";"13858";"29393";"7454";"25203";"7075";"14812";"3316";"25502";"6783";"14581";"4138"
"Kapelle";"2012";"12398";"3301";"7056";"2041";"6167";"1709";"3531";"927";"6231";"1592";"3525";"1114"
"Katwijk";"2012";"62476";"16496";"36722";"9258";"31018";"8470";"18448";"4100";"31458";"8026";"18274";"5158"
"Kerkrade";"2012";"47280";"8153";"29275";"9852";"23540";"4200";"15002";"4338";"23740";"3953";"14273";"5514"
"Koggenland";"2012";"22345";"5765";"13190";"3390";"11233";"2935";"6716";"1582";"11112";"2830";"6474";"1808"
"Kollumerland en Nieuwkruisland";"2012";"12906";"3203";"7544";"2159";"6630";"1682";"3953";"995";"6276";"1521";"3591";"1164"
"Korendijk";"2012";"10801";"2655";"6310";"1836";"5401";"1343";"3182";"876";"5400";"1312";"3128";"960"
"Krimpen aan den IJssel";"2012";"28692";"7023";"15746";"5923";"13952";"3549";"7753";"2650";"14740";"3474";"7993";"3273"
"Laarbeek";"2012";"21608";"5153";"12696";"3759";"10921";"2689";"6524";"1708";"10687";"2464";"6172";"2051"
"Landerd";"2012";"15066";"3723";"8845";"2498";"7699";"1923";"4611";"1165";"7367";"1800";"4234";"1333"
"Landgraaf";"2012";"38067";"7281";"23278";"7508";"18730";"3683";"11701";"3346";"19337";"3598";"11577";"4162"
"Landsmeer";"2012";"10334";"2347";"6021";"1966";"4958";"1138";"2930";"890";"5376";"1209";"3091";"1076"
"Langedijk";"2012";"26991";"7023";"15985";"3983";"13464";"3605";"7982";"1877";"13527";"3418";"8003";"2106"
"Lansingerland";"2012";"55265";"15920";"32411";"6934";"27526";"8186";"16123";"3217";"27739";"7734";"16288";"3717"
"Laren (NH.)";"2012";"11360";"2408";"5806";"3146";"5421";"1259";"2859";"1303";"5939";"1149";"2947";"1843"
"Leek";"2012";"19467";"4779";"11185";"3503";"9661";"2432";"5656";"1573";"9806";"2347";"5529";"1930"
"Leerdam";"2012";"20664";"5099";"12028";"3537";"10153";"2581";"6037";"1535";"10511";"2518";"5991";"2002"
"Leeuwarden";"2012";"95321";"20712";"59933";"14676";"46727";"10262";"30144";"6321";"48594";"10450";"29789";"8355"
"Leeuwarderadeel";"2012";"10332";"2557";"5994";"1781";"5208";"1317";"3061";"830";"5124";"1240";"2933";"951"
"Leiden";"2012";"118748";"24370";"79072";"15306";"57848";"12139";"38948";"6761";"60900";"12231";"40124";"8545"
"Leiderdorp";"2012";"26706";"6404";"15360";"4942";"12883";"3309";"7419";"2155";"13823";"3095";"7941";"2787"
"Leidschendam-Voorburg";"2012";"72405";"15116";"42149";"15140";"34620";"7703";"20562";"6355";"37785";"7413";"21587";"8785"
"Lelystad";"2012";"75312";"19262";"46742";"9308";"37546";"9909";"23193";"4444";"37766";"9353";"23549";"4864"
"Lemsterland";"2012";"13564";"3365";"7909";"2290";"6902";"1771";"4025";"1106";"6662";"1594";"3884";"1184"
"Leudal";"2012";"36462";"8016";"21738";"6708";"18443";"4137";"11165";"3141";"18019";"3879";"10573";"3567"
"Leusden";"2012";"28905";"7177";"16916";"4812";"14157";"3723";"8320";"2114";"14748";"3454";"8596";"2698"
"Liesveld";"2012";"9787";"2768";"5571";"1448";"4917";"1446";"2826";"645";"4870";"1322";"2745";"803"
"Lingewaal";"2012";"10895";"2708";"6467";"1720";"5438";"1357";"3251";"830";"5457";"1351";"3216";"890"
"Lingewaard";"2012";"45770";"11267";"27361";"7142";"22704";"5708";"13754";"3242";"23066";"5559";"13607";"3900"
"Lisse";"2012";"22511";"5243";"13208";"4060";"11087";"2667";"6610";"1810";"11424";"2576";"6598";"2250"
"Littenseradiel";"2012";"10925";"2954";"6331";"1640";"5543";"1521";"3248";"774";"5382";"1433";"3083";"866"
"Lochem";"2012";"33263";"7379";"18025";"7859";"16320";"3807";"8993";"3520";"16943";"3572";"9032";"4339"
"Loon op Zand";"2012";"23071";"5250";"13621";"4200";"11424";"2652";"6859";"1913";"11647";"2598";"6762";"2287"
"Lopik";"2012";"14050";"3912";"8259";"1879";"7155";"2048";"4222";"885";"6895";"1864";"4037";"994"
"Loppersum";"2012";"10366";"2469";"6142";"1755";"5284";"1290";"3183";"811";"5082";"1179";"2959";"944"
"Losser";"2012";"22673";"5191";"13215";"4267";"11395";"2648";"6752";"1995";"11278";"2543";"6463";"2272"
"Maasdonk";"2012";"11259";"2851";"6602";"1806";"5644";"1471";"3394";"779";"5615";"1380";"3208";"1027"
"Maasdriel";"2012";"24022";"5817";"14564";"3641";"12120";"3031";"7449";"1640";"11902";"2786";"7115";"2001"
"Maasgouw";"2012";"24095";"4716";"14382";"4997";"12037";"2449";"7294";"2294";"12058";"2267";"7088";"2703"
"Maassluis";"2012";"31849";"7037";"18937";"5875";"15603";"3523";"9452";"2628";"16246";"3514";"9485";"3247"
"Maastricht";"2012";"121050";"21668";"76821";"22561";"58231";"10738";"37611";"9882";"62819";"10930";"39210";"12679"
"De Marne";"2012";"10428";"2298";"6088";"2042";"5305";"1208";"3115";"982";"5123";"1090";"2973";"1060"
"Marum";"2012";"10413";"2675";"6133";"1605";"5339";"1415";"3173";"751";"5074";"1260";"2960";"854"
"Medemblik";"2012";"43117";"10748";"25510";"6859";"21916";"5556";"13058";"3302";"21201";"5192";"12452";"3557"
"Meerssen";"2012";"19430";"4031";"11154";"4245";"9553";"2048";"5554";"1951";"9877";"1983";"5600";"2294"
"Menameradiel";"2012";"13773";"3465";"8005";"2303";"7008";"1824";"4122";"1062";"6765";"1641";"3883";"1241"
"Menterwolde";"2012";"12358";"2792";"7605";"1961";"6296";"1469";"3888";"939";"6062";"1323";"3717";"1022"
"Meppel";"2012";"32573";"7968";"19334";"5271";"15919";"3993";"9642";"2284";"16654";"3975";"9692";"2987"
"Middelburg (Z.)";"2012";"47768";"11163";"27648";"8957";"23242";"5733";"13562";"3947";"24526";"5430";"14086";"5010"
"Middelharnis";"2012";"18049";"4272";"10458";"3319";"8855";"2168";"5214";"1473";"9194";"2104";"5244";"1846"
"Midden-Delfland";"2012";"18225";"4841";"10617";"2767";"9235";"2538";"5399";"1298";"8990";"2303";"5218";"1469"
"Midden-Drenthe";"2012";"33558";"7847";"19397";"6314";"16739";"4010";"9843";"2886";"16819";"3837";"9554";"3428"
"Mill en Sint Hubert";"2012";"10926";"2599";"6428";"1899";"5541";"1307";"3352";"882";"5385";"1292";"3076";"1017"
"Millingen aan de Rijn";"2012";"5903";"1352";"3580";"971";"2955";"714";"1808";"433";"2948";"638";"1772";"538"
"Moerdijk";"2012";"36522";"8413";"21795";"6314";"18195";"4331";"10976";"2888";"18327";"4082";"10819";"3426"
"Montferland";"2012";"35043";"7906";"20356";"6781";"17468";"4050";"10349";"3069";"17575";"3856";"10007";"3712"
"Montfoort";"2012";"13601";"3732";"7838";"2031";"6809";"1884";"3934";"991";"6792";"1848";"3904";"1040"
"Mook en Middelaar";"2012";"7874";"1826";"4415";"1633";"3922";"962";"2203";"757";"3952";"864";"2212";"876"
"Muiden";"2012";"6466";"1596";"3616";"1254";"3126";"784";"1753";"589";"3340";"812";"1863";"665"
"Naarden";"2012";"17163";"4746";"8909";"3508";"8257";"2446";"4314";"1497";"8906";"2300";"4595";"2011"
"Neder-Betuwe";"2012";"22614";"6753";"12749";"3112";"11227";"3488";"6360";"1379";"11387";"3265";"6389";"1733"
"Nederlek";"2012";"13992";"3196";"8174";"2622";"6894";"1588";"4115";"1191";"7098";"1608";"4059";"1431"
"Nederweert";"2012";"16771";"3750";"10040";"2981";"8443";"1880";"5186";"1377";"8328";"1870";"4854";"1604"
"Neerijnen";"2012";"11930";"3227";"6937";"1766";"5999";"1676";"3517";"806";"5931";"1551";"3420";"960"
"Nieuwegein";"2012";"60720";"13429";"38517";"8774";"30060";"6868";"19168";"4024";"30660";"6561";"19349";"4750"
"Nieuwkoop";"2012";"26974";"6560";"16131";"4283";"13649";"3377";"8244";"2028";"13325";"3183";"7887";"2255"
"Nieuw-Lekkerland";"2012";"9520";"2984";"5282";"1254";"4886";"1588";"2714";"584";"4634";"1396";"2568";"670"
"Nijkerk";"2012";"40126";"10541";"23343";"6242";"19972";"5372";"11790";"2810";"20154";"5169";"11553";"3432"
"Nijmegen";"2012";"165182";"33959";"108266";"22957";"79080";"16794";"52454";"9832";"86102";"17165";"55812";"13125"
"Noord-Beveland";"2012";"7522";"1508";"4299";"1715";"3766";"719";"2202";"845";"3756";"789";"2097";"870"
"Noordenveld";"2012";"30955";"7010";"16947";"6998";"15342";"3667";"8508";"3167";"15613";"3343";"8439";"3831"
"Noordoostpolder";"2012";"46342";"12494";"27168";"6680";"23452";"6541";"13964";"2947";"22890";"5953";"13204";"3733"
"Noordwijk";"2012";"25517";"5408";"15519";"4590";"12836";"2863";"7865";"2108";"12681";"2545";"7654";"2482"
"Noordwijkerhout";"2012";"15648";"3628";"9233";"2787";"7888";"1929";"4673";"1286";"7760";"1699";"4560";"1501"
"Nuenen, Gerwen en Nederwetten";"2012";"22548";"5137";"12815";"4596";"11185";"2670";"6339";"2176";"11363";"2467";"6476";"2420"
"Nunspeet";"2012";"26609";"7057";"14931";"4621";"13125";"3611";"7514";"2000";"13484";"3446";"7417";"2621"
"Nuth";"2012";"15644";"3033";"9116";"3495";"7712";"1542";"4569";"1601";"7932";"1491";"4547";"1894"
"Oegstgeest";"2012";"22788";"5729";"12827";"4232";"10950";"2944";"6311";"1695";"11838";"2785";"6516";"2537"
"Oirschot";"2012";"17861";"4327";"10506";"3028";"9051";"2263";"5404";"1384";"8810";"2064";"5102";"1644"
"Oisterwijk";"2012";"25775";"6022";"14586";"5167";"12698";"3049";"7331";"2318";"13077";"2973";"7255";"2849"
"Oldambt";"2012";"39095";"8106";"23066";"7923";"19331";"4100";"11766";"3465";"19764";"4006";"11300";"4458"
"Oldebroek";"2012";"22716";"5893";"13354";"3469";"11453";"3034";"6869";"1550";"11263";"2859";"6485";"1919"
"Oldenzaal";"2012";"32176";"7734";"18578";"5864";"16074";"4064";"9417";"2593";"16102";"3670";"9161";"3271"
"Olst-Wijhe";"2012";"17659";"4359";"10289";"3011";"8922";"2241";"5279";"1402";"8737";"2118";"5010";"1609"
"Ommen";"2012";"17380";"4079";"10158";"3143";"8698";"2076";"5205";"1417";"8682";"2003";"4953";"1726"
"Onderbanken";"2012";"7966";"1612";"4816";"1538";"3951";"825";"2428";"698";"4015";"787";"2388";"840"
"Oost Gelre";"2012";"30005";"7452";"17369";"5184";"15294";"4000";"8998";"2296";"14711";"3452";"8371";"2888"
"Oosterhout";"2012";"54006";"12350";"31860";"9796";"26608";"6311";"15844";"4453";"27398";"6039";"16016";"5343"
"Oostflakkee";"2012";"10407";"2309";"6316";"1782";"5203";"1179";"3201";"823";"5204";"1130";"3115";"959"
"Ooststellingwerf";"2012";"25858";"5934";"14947";"4977";"12940";"3067";"7577";"2296";"12918";"2867";"7370";"2681"
"Oostzaan";"2012";"9097";"2202";"5300";"1595";"4449";"1115";"2612";"722";"4648";"1087";"2688";"873"
"Opmeer";"2012";"11393";"2929";"6558";"1906";"5771";"1501";"3375";"895";"5622";"1428";"3183";"1011"
"Opsterland";"2012";"29952";"7541";"17202";"5209";"14945";"3875";"8713";"2357";"15007";"3666";"8489";"2852"
"Oss";"2012";"84639";"19833";"50990";"13816";"42280";"10194";"25796";"6290";"42359";"9639";"25194";"7526"
"Oud-Beijerland";"2012";"23415";"5917";"13772";"3726";"11504";"3040";"6850";"1614";"11911";"2877";"6922";"2112"
"Oude IJsselstreek";"2012";"39839";"9282";"22912";"7645";"19892";"4819";"11714";"3359";"19947";"4463";"11198";"4286"
"Ouder-Amstel";"2012";"13232";"3197";"7650";"2385";"6452";"1645";"3793";"1014";"6780";"1552";"3857";"1371"
"Ouderkerk";"2012";"8049";"2092";"4590";"1367";"3975";"1018";"2340";"617";"4074";"1074";"2250";"750"
"Oudewater";"2012";"9850";"2527";"5655";"1668";"4851";"1253";"2877";"721";"4999";"1274";"2778";"947"
"Overbetuwe";"2012";"46269";"12234";"27146";"6889";"22994";"6256";"13527";"3211";"23275";"5978";"13619";"3678"
"Papendrecht";"2012";"32032";"7688";"18575";"5769";"15748";"4007";"9144";"2597";"16284";"3681";"9431";"3172"
"Peel en Maas";"2012";"43271";"9976";"25998";"7297";"21970";"5104";"13465";"3401";"21301";"4872";"12533";"3896"
"Pekela";"2012";"12868";"2843";"7616";"2409";"6452";"1474";"3900";"1078";"6416";"1369";"3716";"1331"
"Pijnacker-Nootdorp";"2012";"50103";"14896";"29188";"6019";"25023";"7727";"14537";"2759";"25080";"7169";"14651";"3260"
"Purmerend";"2012";"79266";"18250";"48208";"12808";"38731";"9512";"23600";"5619";"40535";"8738";"24608";"7189"
"Putten";"2012";"23860";"6204";"13635";"4021";"11833";"3124";"6881";"1828";"12027";"3080";"6754";"2193"
"Raalte";"2012";"36603";"8922";"21298";"6383";"18328";"4536";"10881";"2911";"18275";"4386";"10417";"3472"
"Reimerswaal";"2012";"21704";"6185";"12152";"3367";"10902";"3119";"6234";"1549";"10802";"3066";"5918";"1818"
"Renkum";"2012";"31630";"6864";"17173";"7593";"15273";"3527";"8547";"3199";"16357";"3337";"8626";"4394"
"Renswoude";"2012";"4822";"1433";"2797";"592";"2395";"727";"1399";"269";"2427";"706";"1398";"323"
"Reusel-De Mierden";"2012";"12654";"2888";"7909";"1857";"6461";"1425";"4150";"886";"6193";"1463";"3759";"971"
"Rheden";"2012";"43612";"9121";"24055";"10436";"21216";"4781";"12022";"4413";"22396";"4340";"12033";"6023"
"Rhenen";"2012";"19064";"4899";"10664";"3501";"9439";"2529";"5335";"1575";"9625";"2370";"5329";"1926"
"Ridderkerk";"2012";"45208";"9282";"26175";"9751";"21866";"4713";"12842";"4311";"23342";"4569";"13333";"5440"
"Rijnwaarden";"2012";"11008";"2525";"6699";"1784";"5461";"1245";"3437";"779";"5547";"1280";"3262";"1005"
"Rijnwoude";"2012";"18618";"4596";"10841";"3181";"9368";"2353";"5523";"1492";"9250";"2243";"5318";"1689"
"Rijssen-Holten";"2012";"37561";"10744";"20745";"6072";"18665";"5445";"10601";"2619";"18896";"5299";"10144";"3453"
"Rijswijk (ZH.)";"2012";"46990";"8562";"27914";"10514";"22178";"4320";"13523";"4335";"24812";"4242";"14391";"6179"
"Roerdalen";"2012";"21092";"4140";"12662";"4290";"10564";"2085";"6495";"1984";"10528";"2055";"6167";"2306"
"Roermond";"2012";"56165";"11796";"34579";"9790";"27743";"5959";"17525";"4259";"28422";"5837";"17054";"5531"
"De Ronde Venen";"2012";"42977";"10678";"25102";"7197";"21355";"5493";"12514";"3348";"21622";"5185";"12588";"3849"
"Roosendaal";"2012";"77426";"17463";"46090";"13873";"38246";"8985";"23071";"6190";"39180";"8478";"23019";"7683"
"Rotterdam";"2012";"616260";"136185";"391053";"89022";"303769";"69678";"196131";"37960";"312491";"66507";"194922";"51062"
"Rozendaal";"2012";"1514";"375";"740";"399";"749";"198";"360";"191";"765";"177";"380";"208"
"Rucphen";"2012";"22320";"4303";"13932";"4085";"11169";"2245";"6993";"1931";"11151";"2058";"6939";"2154"
"Schagen";"2012";"18653";"4153";"10638";"3862";"9105";"2155";"5206";"1744";"9548";"1998";"5432";"2118"
"Schermer";"2012";"5456";"1414";"3229";"813";"2774";"707";"1652";"415";"2682";"707";"1577";"398"
"Scherpenzeel";"2012";"9354";"2619";"5204";"1531";"4638";"1336";"2646";"656";"4716";"1283";"2558";"875"
"Schiedam";"2012";"76244";"17111";"47151";"11982";"37492";"8642";"23711";"5139";"38752";"8469";"23440";"6843"
"Schiermonnikoog";"2012";"932";"191";"510";"231";"464";"97";"267";"100";"468";"94";"243";"131"
"Schijndel";"2012";"23016";"5342";"13835";"3839";"11527";"2759";"7037";"1731";"11489";"2583";"6798";"2108"
"Schinnen";"2012";"13202";"2678";"7736";"2788";"6644";"1423";"3949";"1272";"6558";"1255";"3787";"1516"
"Schoonhoven";"2012";"11814";"2880";"6918";"2016";"5828";"1466";"3446";"916";"5986";"1414";"3472";"1100"
"Schouwen-Duiveland";"2012";"34151";"7222";"19284";"7645";"16864";"3720";"9619";"3525";"17287";"3502";"9665";"4120"
"Simpelveld";"2012";"10914";"2112";"6407";"2395";"5430";"1092";"3261";"1077";"5484";"1020";"3146";"1318"
"Sint Anthonis";"2012";"11803";"2951";"6849";"2003";"6062";"1541";"3609";"912";"5741";"1410";"3240";"1091"
"Sint-Michielsgestel";"2012";"28128";"6932";"16040";"5156";"14143";"3587";"8170";"2386";"13985";"3345";"7870";"2770"
"Sint-Oedenrode";"2012";"17910";"4310";"10474";"3126";"8950";"2186";"5302";"1462";"8960";"2124";"5172";"1664"
"Sittard-Geleen";"2012";"94535";"18736";"57394";"18405";"46504";"9591";"28904";"8009";"48031";"9145";"28490";"10396"
"Skarsterlân";"2012";"27520";"6945";"15721";"4854";"13797";"3536";"8044";"2217";"13723";"3409";"7677";"2637"
"Sliedrecht";"2012";"24232";"5930";"13954";"4348";"11895";"3028";"6999";"1868";"12337";"2902";"6955";"2480"
"Slochteren";"2012";"15536";"3792";"9295";"2449";"7910";"1986";"4764";"1160";"7626";"1806";"4531";"1289"
"Sluis";"2012";"23892";"4472";"13682";"5738";"11728";"2279";"6882";"2567";"12164";"2193";"6800";"3171"
"Smallingerland";"2012";"55456";"13512";"31939";"10005";"27571";"6930";"16191";"4450";"27885";"6582";"15748";"5555"
"Soest";"2012";"45612";"10885";"25942";"8785";"22209";"5601";"12792";"3816";"23403";"5284";"13150";"4969"
"Someren";"2012";"18580";"4325";"11108";"3147";"9457";"2252";"5747";"1458";"9123";"2073";"5361";"1689"
"Son en Breugel";"2012";"15822";"3965";"8498";"3359";"7816";"2032";"4266";"1518";"8006";"1933";"4232";"1841"
"Spijkenisse";"2012";"72171";"15973";"45621";"10577";"35368";"8284";"22357";"4727";"36803";"7689";"23264";"5850"
"Stadskanaal";"2012";"32998";"7284";"18644";"7070";"16292";"3779";"9412";"3101";"16706";"3505";"9232";"3969"
"Staphorst";"2012";"16224";"5290";"8845";"2089";"8324";"2725";"4620";"979";"7900";"2565";"4225";"1110"
"Stede Broec";"2012";"21468";"5365";"12643";"3460";"10860";"2758";"6420";"1682";"10608";"2607";"6223";"1778"
"Steenbergen";"2012";"23354";"5069";"14007";"4278";"11745";"2660";"7097";"1988";"11609";"2409";"6910";"2290"
"Steenwijkerland";"2012";"43402";"10286";"24963";"8153";"21708";"5269";"12770";"3669";"21694";"5017";"12193";"4484"
"Stein (L.)";"2012";"25623";"5069";"15276";"5278";"12738";"2639";"7651";"2448";"12885";"2430";"7625";"2830"
"Stichtse Vecht";"2012";"63315";"15166";"38093";"10056";"31027";"7711";"18825";"4491";"32288";"7455";"19268";"5565"
"Strijen";"2012";"8848";"1960";"5372";"1516";"4418";"976";"2729";"713";"4430";"984";"2643";"803"
"Súdwest-Fryslân";"2012";"82634";"20452";"47060";"15122";"41288";"10397";"24015";"6876";"41346";"10055";"23045";"8246"
"Terneuzen";"2012";"54742";"11646";"31452";"11644";"27250";"6081";"15873";"5296";"27492";"5565";"15579";"6348"
"Terschelling";"2012";"4748";"996";"2841";"911";"2512";"565";"1516";"431";"2236";"431";"1325";"480"
"Texel";"2012";"13668";"3114";"7917";"2637";"6773";"1561";"3948";"1264";"6895";"1553";"3969";"1373"
"Teylingen";"2012";"35686";"9224";"20678";"5784";"17798";"4832";"10358";"2608";"17888";"4392";"10320";"3176"
"Tholen";"2012";"25540";"6899";"14492";"4149";"12796";"3539";"7350";"1907";"12744";"3360";"7142";"2242"
"Tiel";"2012";"41527";"10563";"25186";"5778";"20622";"5395";"12634";"2593";"20905";"5168";"12552";"3185"
"Tilburg";"2012";"207580";"46315";"131308";"29957";"103015";"23510";"66373";"13132";"104565";"22805";"64935";"16825"
"Tubbergen";"2012";"21206";"5835";"12156";"3215";"10780";"3014";"6340";"1426";"10426";"2821";"5816";"1789"
"Twenterand";"2012";"33929";"8982";"19769";"5178";"17193";"4753";"10132";"2308";"16736";"4229";"9637";"2870"
"Tynaarlo";"2012";"32357";"7632";"17773";"6952";"15911";"3953";"8871";"3087";"16446";"3679";"8902";"3865"
"Tytsjerksteradiel";"2012";"32164";"7890";"18115";"6159";"16037";"3995";"9270";"2772";"16127";"3895";"8845";"3387"
"Ubbergen";"2012";"9387";"2048";"5272";"2067";"4624";"1043";"2630";"951";"4763";"1005";"2642";"1116"
"Uden";"2012";"40805";"9671";"24271";"6863";"20243";"4932";"12243";"3068";"20562";"4739";"12028";"3795"
"Uitgeest";"2012";"12897";"3356";"7687";"1854";"6472";"1749";"3855";"868";"6425";"1607";"3832";"986"
"Uithoorn";"2012";"28307";"7003";"16454";"4850";"13973";"3643";"8186";"2144";"14334";"3360";"8268";"2706"
"Urk";"2012";"18950";"7473";"9978";"1499";"9588";"3827";"5120";"641";"9362";"3646";"4858";"858"
"Utrecht (gemeente)";"2012";"316275";"70387";"214359";"31529";"153282";"35247";"104689";"13346";"162993";"35140";"109670";"18183"
"Utrechtse Heuvelrug";"2012";"48267";"11447";"26193";"10627";"23301";"5848";"12979";"4474";"24966";"5599";"13214";"6153"
"Vaals";"2012";"9749";"1674";"5805";"2270";"4805";"879";"2891";"1035";"4944";"795";"2914";"1235"
"Valkenburg aan de Geul";"2012";"16945";"3085";"9745";"4115";"8374";"1614";"4938";"1822";"8571";"1471";"4807";"2293"
"Valkenswaard";"2012";"30666";"6322";"17867";"6477";"15150";"3208";"9024";"2918";"15516";"3114";"8843";"3559"
"Veendam";"2012";"27920";"6233";"16447";"5240";"13808";"3217";"8274";"2317";"14112";"3016";"8173";"2923"
"Veenendaal";"2012";"62870";"16768";"36881";"9221";"30857";"8610";"18246";"4001";"32013";"8158";"18635";"5220"
"Veere";"2012";"21959";"5077";"12195";"4687";"10994";"2623";"6171";"2200";"10965";"2454";"6024";"2487"
"Veghel";"2012";"37553";"9186";"22514";"5853";"18878";"4632";"11587";"2659";"18675";"4554";"10927";"3194"
"Veldhoven";"2012";"43880";"9803";"26328";"7749";"21879";"5062";"13296";"3521";"22001";"4741";"13032";"4228"
"Velsen";"2012";"67286";"15802";"39434";"12050";"33290";"8192";"19854";"5244";"33996";"7610";"19580";"6806"
"Venlo";"2012";"100027";"21586";"60458";"17983";"49599";"10983";"30770";"7846";"50428";"10603";"29688";"10137"
"Venray";"2012";"42959";"10103";"25778";"7078";"21628";"5144";"13217";"3267";"21331";"4959";"12561";"3811"
"Vianen";"2012";"19670";"4776";"11720";"3174";"9679";"2430";"5810";"1439";"9991";"2346";"5910";"1735"
"Vlaardingen";"2012";"71042";"15197";"42220";"13625";"34710";"7853";"20939";"5918";"36332";"7344";"21281";"7707"
"Vlagtwedde";"2012";"16260";"3445";"9292";"3523";"8111";"1773";"4749";"1589";"8149";"1672";"4543";"1934"
"Vlieland";"2012";"1105";"246";"662";"197";"553";"126";"335";"92";"552";"120";"327";"105"
"Vlissingen";"2012";"44502";"9242";"26476";"8784";"22154";"4735";"13518";"3901";"22348";"4507";"12958";"4883"
"Vlist";"2012";"9773";"2460";"5515";"1798";"4863";"1220";"2783";"860";"4910";"1240";"2732";"938"
"Voerendaal";"2012";"12664";"2566";"7334";"2764";"6314";"1308";"3704";"1302";"6350";"1258";"3630";"1462"
"Voorschoten";"2012";"24310";"5971";"13544";"4795";"11731";"2986";"6639";"2106";"12579";"2985";"6905";"2689"
"Voorst";"2012";"23719";"5342";"13764";"4613";"11843";"2738";"7007";"2098";"11876";"2604";"6757";"2515"
"Vught";"2012";"25789";"6219";"14911";"4659";"12728";"3202";"7554";"1972";"13061";"3017";"7357";"2687"
"Waalre";"2012";"16503";"3995";"8881";"3627";"8143";"2080";"4439";"1624";"8360";"1915";"4442";"2003"
"Waalwijk";"2012";"46422";"10302";"27916";"8204";"23105";"5252";"14173";"3680";"23317";"5050";"13743";"4524"
"Waddinxveen";"2012";"25280";"6209";"14726";"4345";"12601";"3207";"7430";"1964";"12679";"3002";"7296";"2381"
"Wageningen";"2012";"37049";"7457";"24375";"5217";"17766";"3662";"11932";"2172";"19283";"3795";"12443";"3045"
"Wassenaar";"2012";"25762";"6231";"13476";"6055";"12199";"3189";"6482";"2528";"13563";"3042";"6994";"3527"
"Waterland";"2012";"17010";"3855";"9841";"3314";"8480";"1971";"4930";"1579";"8530";"1884";"4911";"1735"
"Weert";"2012";"48668";"10472";"28752";"9444";"24343";"5382";"14650";"4311";"24325";"5090";"14102";"5133"
"Weesp";"2012";"18022";"3818";"11093";"3111";"8728";"1875";"5512";"1341";"9294";"1943";"5581";"1770"
"Werkendam";"2012";"26423";"6750";"15376";"4297";"13187";"3442";"7790";"1955";"13236";"3308";"7586";"2342"
"West Maas en Waal";"2012";"18325";"4253";"10962";"3110";"9129";"2135";"5605";"1389";"9196";"2118";"5357";"1721"
"Westerveld";"2012";"19198";"4078";"10552";"4568";"9555";"2069";"5376";"2110";"9643";"2009";"5176";"2458"
"Westervoort";"2012";"15294";"3583";"9724";"1987";"7574";"1863";"4802";"909";"7720";"1720";"4922";"1078"
"Westland";"2012";"101980";"25019";"60504";"16457";"50801";"12795";"30489";"7517";"51179";"12224";"30015";"8940"
"Weststellingwerf";"2012";"25780";"5798";"14782";"5200";"12920";"3054";"7510";"2356";"12860";"2744";"7272";"2844"
"Westvoorne";"2012";"13901";"2902";"7887";"3112";"6903";"1538";"3953";"1412";"6998";"1364";"3934";"1700"
"Wierden";"2012";"23824";"6028";"13697";"4099";"11927";"3061";"7013";"1853";"11897";"2967";"6684";"2246"
"Wijchen";"2012";"40734";"9989";"24286";"6459";"20096";"5034";"12141";"2921";"20638";"4955";"12145";"3538"
"Wijdemeren";"2012";"23297";"5354";"13149";"4794";"11413";"2729";"6517";"2167";"11884";"2625";"6632";"2627"
"Wijk bij Duurstede";"2012";"23064";"5817";"14180";"3067";"11395";"2965";"6978";"1452";"11669";"2852";"7202";"1615"
"Winsum";"2012";"13987";"3592";"8081";"2314";"6956";"1845";"4051";"1060";"7031";"1747";"4030";"1254"
"Winterswijk";"2012";"28946";"6684";"16666";"5596";"14385";"3436";"8495";"2454";"14561";"3248";"8171";"3142"
"Woensdrecht";"2012";"21675";"4650";"12759";"4266";"10862";"2411";"6411";"2040";"10813";"2239";"6348";"2226"
"Woerden";"2012";"50052";"12997";"29678";"7377";"24730";"6588";"14819";"3323";"25322";"6409";"14859";"4054"
"De Wolden";"2012";"23753";"5642";"13350";"4761";"11899";"2910";"6810";"2179";"11854";"2732";"6540";"2582"
"Wormerland";"2012";"15781";"3746";"8982";"3053";"7893";"1950";"4502";"1441";"7888";"1796";"4480";"1612"
"Woudenberg";"2012";"12034";"3342";"6704";"1988";"6024";"1780";"3355";"889";"6010";"1562";"3349";"1099"
"Woudrichem";"2012";"14416";"3558";"8552";"2306";"7213";"1834";"4331";"1048";"7203";"1724";"4221";"1258"
"Zaanstad";"2012";"148281";"34793";"89803";"23685";"73312";"17892";"44759";"10661";"74969";"16901";"45044";"13024"
"Zaltbommel";"2012";"26774";"7391";"15396";"3987";"13400";"3827";"7760";"1813";"13374";"3564";"7636";"2174"
"Zandvoort";"2012";"16651";"3023";"9811";"3817";"8002";"1543";"4841";"1618";"8649";"1480";"4970";"2199"
"Zederik";"2012";"13434";"3617";"7685";"2132";"6680";"1824";"3893";"963";"6754";"1793";"3792";"1169"
"Zeevang";"2012";"6344";"1576";"3672";"1096";"3167";"773";"1849";"545";"3177";"803";"1823";"551"
"Zeewolde";"2012";"21288";"6526";"12657";"2105";"10800";"3441";"6353";"1006";"10488";"3085";"6304";"1099"
"Zeist";"2012";"61233";"14667";"35203";"11363";"29509";"7470";"17376";"4663";"31724";"7197";"17827";"6700"
"Zevenaar";"2012";"32429";"7030";"19042";"6357";"15962";"3592";"9495";"2875";"16467";"3438";"9547";"3482"
"Zijpe";"2012";"11589";"2722";"6812";"2055";"5851";"1373";"3460";"1018";"5738";"1349";"3352";"1037"
"Zoetermeer";"2012";"122331";"29359";"76054";"16918";"59954";"15179";"37158";"7617";"62377";"14180";"38896";"9301"
"Zoeterwoude";"2012";"8171";"1923";"4842";"1406";"4042";"944";"2449";"649";"4129";"979";"2393";"757"
"Zuidhorn";"2012";"18681";"5173";"10513";"2995";"9306";"2651";"5305";"1350";"9375";"2522";"5208";"1645"
"Zuidplas";"2012";"40673";"10402";"24295";"5976";"20178";"5301";"12125";"2752";"20495";"5101";"12170";"3224"
"Zundert";"2012";"21221";"4588";"12757";"3876";"10864";"2357";"6665";"1842";"10357";"2231";"6092";"2034"
"Zutphen";"2012";"47144";"11444";"28055";"7645";"23024";"5816";"13886";"3322";"24120";"5628";"14169";"4323"
"Zwartewaterland";"2012";"22048";"6655";"12460";"2933";"11176";"3481";"6362";"1333";"10872";"3174";"6098";"1600"
"Zwijndrecht";"2012";"44499";"9891";"25901";"8707";"21642";"5139";"12734";"3769";"22857";"4752";"13167";"4938"
"Zwolle";"2012";"121527";"29708";"75418";"16401";"59280";"14980";"37251";"7049";"62247";"14728";"38167";"9352"

